motion,seed,mode,window,frames,joint_rmse,root_velocity_rmse,height_rmse,max_tilt,fall_rate,fallen_frame_fraction,action_rate_l2_per_second,inference_ms_mean,inference_ms_p95,reference_pipeline_ms_mean,roll_rmse,pitch_rmse,yaw_rmse,branch_cosine_mean,branch_cancellation_ratio
accad/B3___walk1.pkl,42,A,full_sequence,380,0.15525292377365307,0.18812812917589855,0.02690831503251432,0.25012479496281237,0.0,0.0,29.45216780541796,0.21800948684717456,0.2796729498868446,0.06362431841616374,0.04133698053740931,0.08269540920846319,0.6767751655199399,,
accad/B3___walk1.pkl,42,A,after_warmup,356,0.14833016707873317,0.17125955221871986,0.027008405457399808,0.25012479496281237,0.0,0.0,27.962609443976316,0.20554029494857962,0.27503674982654047,0.06281750280051936,0.033707608419630386,0.08238843548126026,0.6984295947862486,,
accad/B3___walk1.pkl,42,B,full_sequence,380,0.1463769674919407,0.1784116933861753,0.027295818755571927,0.2593913175723288,0.0,0.0,28.88166984238672,0.24790097893879934,0.41835585020635335,0.5153714447344196,0.04359727278411293,0.08474187788316544,0.5656105581205065,,
accad/B3___walk1.pkl,42,B,after_warmup,356,0.13836219036317043,0.1597757024864816,0.02742032621013016,0.2593913175723288,0.0,0.0,27.35546139717084,0.23675657021694757,0.41369100006249937,0.5433507219090081,0.036621323264916066,0.08457901519956372,0.5834242340789367,,
accad/B3___walk1.pkl,42,C,full_sequence,380,0.15530491547489744,0.1894069436508267,0.02727153913946569,0.27959432536899936,0.0,0.0,29.498632967303156,0.6940984657950665,1.2258726500022021,0.07260198420729132,0.041924420651337134,0.0992118448416639,0.6152507009224214,0.37641619985472097,0.15896493523389488
accad/B3___walk1.pkl,42,C,after_warmup,356,0.1486638007901586,0.17266842103093777,0.027387455028717422,0.27959432536899936,0.0,0.0,27.989162932605666,0.6722387359592646,1.2132914999938293,0.07259266853166439,0.034434692363842785,0.09880059433653375,0.6347656796008727,0.3689532960091595,0.16342542706234098
accad/B3___walk1.pkl,42,D,full_sequence,380,0.14549849477502813,0.18013280254899108,0.027536563016344988,0.2903160023346641,0.0,0.0,28.86264677334541,0.6823304789421807,1.2435901498975002,0.5404945684284413,0.04595360356289479,0.099599414071886,0.548545906607822,0.40233502255516906,0.15094296583610012
accad/B3___walk1.pkl,42,D,after_warmup,356,0.13766719882498007,0.1617287084138138,0.027669069244798214,0.2903160023346641,0.0,0.0,27.312405435035725,0.6620917528012347,1.2467147498682607,0.571524724728334,0.039543583632471804,0.09921595214798797,0.5657412100002668,0.39661945507143553,0.1547012191164756
accad/B3___walk1.pkl,42,E,full_sequence,380,0.1434534606862808,0.17569696684881905,0.026744882724604888,0.28219069018796406,0.0,0.0,15.65692274960386,0.6652096473771962,1.2446836001117845,0.023891997369374668,0.041250083069345314,0.09734384095329056,0.5713617628049072,0.40796050607172274,0.14897877145633365
accad/B3___walk1.pkl,42,E,after_warmup,356,0.13716062253132383,0.1572335532076796,0.02679938391197009,0.28219069018796406,0.0,0.0,13.75614813193179,0.6455394129294761,1.2399952502164524,0.023664679771029748,0.03390627217749435,0.09679428674642582,0.5893731259250959,0.403721292652284,0.15260654458948875
accad/B3___walk1.pkl,42,D_gate_off,full_sequence,380,0.15037634926468965,0.19288907345582482,0.0272896124055514,0.32572504264223273,0.0,0.0,30.100749488268,0.6782436342135905,1.2195818998861798,0.5457267026366409,0.05140103133711893,0.13039933131989037,0.7216339890332846,0.365051738826257,0.1634436173965328
accad/B3___walk1.pkl,42,D_gate_off,after_warmup,356,0.14333506191073075,0.1766435135006678,0.027395996056252363,0.32572504264223273,0.0,0.0,28.62421889754704,0.6538857247209451,1.214379249859121,0.5771618174193964,0.046042419370577715,0.13110070588892336,0.7448027500160811,0.35681846885409224,0.16662784302608957
accad/B3___walk1.pkl,42,D_demand_confidence,full_sequence,380,0.1456765497574306,0.17992398646306612,0.02752449754248539,0.2891889495113969,0.0,0.0,28.905789067088776,0.7693533131582866,1.0495732502249668,0.5453706947300337,0.04554695224503219,0.1005457108875475,0.5365117630218811,0.4081585755023184,0.14853149354024897
accad/B3___walk1.pkl,42,D_demand_confidence,after_warmup,356,0.13786426954619088,0.1614909276913187,0.02765666378835673,0.2891889495113969,0.0,0.0,27.357900035646992,0.7466314325828729,1.0521462501174028,0.5770147443736993,0.03904238818546912,0.10025003276199566,0.5532852197412679,0.402833115476239,0.15209615611366456
accad/B3___walk1.pkl,42,D_full,full_sequence,380,0.1456311018338086,0.18037579196441075,0.0273854453735838,0.2891467211783661,0.0,0.0,28.851005991403806,0.7701482736856154,0.9089713502817177,0.5308921684266017,0.045865348811610814,0.09975138447130347,0.5433269934731071,0.40313101593137446,0.15099689991240184
accad/B3___walk1.pkl,42,D_full,after_warmup,356,0.13781232233886898,0.16202890882892793,0.02750895380942474,0.2891467211783661,0.0,0.0,27.2995553648632,0.7414405505644762,0.9046984999940832,0.5614010589923647,0.03943880772876643,0.09940244391424059,0.5603394467632254,0.39746675054157116,0.15475432733463446
accad/B3___walk1.pkl,42,D_dyn_only,full_sequence,380,0.14636803779841723,0.17872623758529466,0.02737285347460936,0.26704583219045447,0.0,0.0,28.85816683815625,0.5811709157832842,1.081476399690473,0.5606721710603922,0.044534163474175575,0.0887002892544907,0.5373877997290868,0.0,0.0
accad/B3___walk1.pkl,42,D_dyn_only,after_warmup,356,0.13839800091649782,0.1601446143116947,0.02750202651100024,0.26704583219045447,0.0,0.0,27.317160887236795,0.5667409072974182,1.0717172499425942,0.5935237275395869,0.03762666109329491,0.08854017245424303,0.5541922151069418,0.0,0.0
accad/B3___walk1.pkl,42,D_err_only,full_sequence,380,0.14544746377996476,0.18016231495611762,0.027343883545693257,0.28374102713526117,0.0,0.0,28.867872597126475,0.6632414868495049,1.1764477500719297,0.5308927078862038,0.04455749338955963,0.09619871266063312,0.5640181654094185,0.0,0.0
accad/B3___walk1.pkl,42,D_err_only,after_warmup,356,0.13758891426393988,0.16167680607398727,0.02746519507921639,0.28374102713526117,0.0,0.0,27.321780724718913,0.6444741545028285,1.1685310001894322,0.561270758418758,0.03799513210730403,0.09584606644845198,0.581746286405728,0.0,0.0
