timestamp,frame_id,loop_dt,redis_age,mode,risk_score,roll,pitch,yaw,max_tracking_error,rms_tracking_error,max_torque_ratio,ramp,deploy_action_scale
1782699582.549327,0,0.001138,inf,STAND_TEST,0.000000,-0.011973,0.130287,0.179889,0.000000,0.000000,0.000000,1.000000,0.500000
1782699582.569177,1,0.000931,inf,STAND_TEST,0.000000,-0.011940,0.130212,0.179955,0.000000,0.000000,0.000000,1.000000,0.500000
1782699582.589220,2,0.000916,inf,STAND_TEST,0.000000,-0.012009,0.130195,0.180073,0.000000,0.000000,0.000000,1.000000,0.500000
1782699582.609214,3,0.000673,inf,STAND_TEST,0.000000,-0.012000,0.130132,0.180181,0.000000,0.000000,0.000000,1.000000,0.500000
1782699582.629765,4,0.001162,inf,STAND_TEST,0.000000,-0.012037,0.130125,0.180214,0.000000,0.000000,0.000000,1.000000,0.500000
1782699582.649163,5,0.000505,inf,STAND_TEST,0.000000,-0.012049,0.130053,0.180259,0.000000,0.000000,0.000000,1.000000,0.500000
1782699582.669155,6,0.000441,inf,STAND_TEST,0.000000,-0.012032,0.130029,0.180196,0.000000,0.000000,0.000000,1.000000,0.500000
1782699582.689199,7,0.000432,inf,STAND_TEST,0.000000,-0.012039,0.129915,0.180187,0.000000,0.000000,0.000000,1.000000,0.500000
1782699582.709605,8,0.000783,inf,STAND_TEST,0.000000,-0.012043,0.129797,0.180169,0.000000,0.000000,0.000000,1.000000,0.500000
1782699582.729470,9,0.000444,inf,STAND_TEST,0.000000,-0.012086,0.129671,0.180135,0.000000,0.000000,0.000000,1.000000,0.500000
1782699582.749624,10,0.000452,inf,STAND_TEST,0.000000,-0.012132,0.129596,0.180084,0.000000,0.000000,0.000000,1.000000,0.500000
1782699582.769661,11,0.000436,inf,STAND_TEST,0.000000,-0.012114,0.129522,0.180144,0.000000,0.000000,0.000000,1.000000,0.500000
1782699582.789714,12,0.000435,inf,STAND_TEST,0.000000,-0.012122,0.129463,0.180159,0.000000,0.000000,0.000000,1.000000,0.500000
1782699582.809817,13,0.000483,inf,STAND_TEST,0.000000,-0.012102,0.129394,0.180163,0.000000,0.000000,0.000000,1.000000,0.500000
1782699582.830064,14,0.000675,inf,STAND_TEST,0.000000,-0.012096,0.129342,0.180138,0.000000,0.000000,0.000000,1.000000,0.500000
1782699582.850112,15,0.000668,inf,STAND_TEST,0.000000,-0.012069,0.129342,0.180120,0.000000,0.000000,0.000000,1.000000,0.500000
1782699582.870166,16,0.000665,inf,STAND_TEST,0.000000,-0.012035,0.129298,0.180123,0.000000,0.000000,0.000000,1.000000,0.500000
1782699582.890230,17,0.000674,inf,STAND_TEST,0.000000,-0.011980,0.129257,0.180122,0.000000,0.000000,0.000000,1.000000,0.500000
1782699582.910132,18,0.000460,inf,STAND_TEST,0.000000,-0.011939,0.129176,0.180136,0.000000,0.000000,0.000000,1.000000,0.500000
1782699582.930182,19,0.000456,inf,STAND_TEST,0.000000,-0.011926,0.129098,0.180133,0.000000,0.000000,0.000000,1.000000,0.500000
1782699582.950252,20,0.000470,inf,STAND_TEST,0.000000,-0.011897,0.129072,0.180148,0.000000,0.000000,0.000000,1.000000,0.500000
1782699582.970325,21,0.000426,inf,STAND_TEST,0.000000,-0.011842,0.129086,0.180194,0.000000,0.000000,0.000000,1.000000,0.500000
1782699582.990626,22,0.000671,inf,STAND_TEST,0.000000,-0.011814,0.129128,0.180163,0.000000,0.000000,0.000000,1.000000,0.500000
1782699583.010679,23,0.000669,inf,STAND_TEST,0.000000,-0.011783,0.129149,0.180137,0.000000,0.000000,0.000000,1.000000,0.500000
1782699583.030716,24,0.000457,inf,STAND_TEST,0.000000,-0.011790,0.129121,0.180127,0.000000,0.000000,0.000000,1.000000,0.500000
1782699583.050841,25,0.000526,inf,STAND_TEST,0.000000,-0.011792,0.129127,0.180152,0.000000,0.000000,0.000000,1.000000,0.500000
1782699583.070828,26,0.000458,inf,STAND_TEST,0.000000,-0.011808,0.129123,0.180183,0.000000,0.000000,0.000000,1.000000,0.500000
1782699583.090904,27,0.000495,inf,STAND_TEST,0.000000,-0.011826,0.129145,0.180147,0.000000,0.000000,0.000000,1.000000,0.500000
1782699583.110916,28,0.000452,inf,STAND_TEST,0.000000,-0.011825,0.129186,0.180146,0.000000,0.000000,0.000000,1.000000,0.500000
1782699583.130965,29,0.000443,inf,STAND_TEST,0.000000,-0.011840,0.129191,0.180134,0.000000,0.000000,0.000000,1.000000,0.500000
1782699583.151387,30,0.000810,inf,STAND_TEST,0.000000,-0.011866,0.129231,0.180077,0.000000,0.000000,0.000000,1.000000,0.500000
1782699583.171318,31,0.000687,inf,STAND_TEST,0.000000,-0.011873,0.129294,0.180090,0.000000,0.000000,0.000000,1.000000,0.500000
1782699583.191334,32,0.000647,inf,STAND_TEST,0.000000,-0.011910,0.129365,0.180072,0.000000,0.000000,0.000000,1.000000,0.500000
1782699583.211431,33,0.000483,inf,STAND_TEST,0.000000,-0.011926,0.129385,0.180095,0.000000,0.000000,0.000000,1.000000,0.500000
1782699583.231429,34,0.000425,inf,STAND_TEST,0.000000,-0.011975,0.129351,0.180108,0.000000,0.000000,0.000000,1.000000,0.500000
1782699583.251522,35,0.000464,inf,STAND_TEST,0.000000,-0.012025,0.129342,0.180098,0.000000,0.000000,0.000000,1.000000,0.500000
1782699583.271540,36,0.000428,inf,STAND_TEST,0.000000,-0.012013,0.129354,0.180065,0.000000,0.000000,0.000000,1.000000,0.500000
1782699583.291615,37,0.000448,inf,STAND_TEST,0.000000,-0.012029,0.129356,0.180015,0.000000,0.000000,0.000000,1.000000,0.500000
1782699583.311866,38,0.000646,inf,STAND_TEST,0.000000,-0.011997,0.129363,0.180067,0.000000,0.000000,0.000000,1.000000,0.500000
1782699583.331888,39,0.000615,inf,STAND_TEST,0.000000,-0.012013,0.129399,0.180044,0.000000,0.000000,0.000000,1.000000,0.500000
1782699583.351840,40,0.000398,inf,STAND_TEST,0.000000,-0.012024,0.129379,0.180073,0.000000,0.000000,0.000000,1.000000,0.500000
1782699583.371904,41,0.000409,inf,STAND_TEST,0.000000,-0.012030,0.129370,0.180072,0.000000,0.000000,0.000000,1.000000,0.500000
1782699583.391998,42,0.000448,inf,STAND_TEST,0.000000,-0.012019,0.129352,0.180053,0.000000,0.000000,0.000000,1.000000,0.500000
1782699583.412040,43,0.000437,inf,STAND_TEST,0.000000,-0.012044,0.129358,0.180037,0.000000,0.000000,0.000000,1.000000,0.500000
1782699583.432064,44,0.000406,inf,STAND_TEST,0.000000,-0.012049,0.129324,0.180015,0.000000,0.000000,0.000000,1.000000,0.500000
1782699583.452130,45,0.000419,inf,STAND_TEST,0.000000,-0.012037,0.129281,0.180064,0.000000,0.000000,0.000000,1.000000,0.500000
1782699583.472412,46,0.000647,inf,STAND_TEST,0.000000,-0.011998,0.129230,0.180079,0.000000,0.000000,0.000000,1.000000,0.500000
1782699583.492444,47,0.000626,inf,STAND_TEST,0.000000,-0.011994,0.129196,0.180071,0.000000,0.000000,0.000000,1.000000,0.500000
1782699583.512464,48,0.000593,inf,STAND_TEST,0.000000,-0.011981,0.129217,0.180108,0.000000,0.000000,0.000000,1.000000,0.500000
1782699583.532364,49,0.000438,inf,STAND_TEST,0.000000,-0.011989,0.129176,0.180110,0.000000,0.000000,0.000000,1.000000,0.500000
1782699583.552400,50,0.000420,inf,STAND_TEST,0.000000,-0.012018,0.129152,0.180049,0.000000,0.000000,0.000000,1.000000,0.500000
1782699583.572449,51,0.000416,inf,STAND_TEST,0.000000,-0.012044,0.129120,0.180013,0.000000,0.000000,0.000000,1.000000,0.500000
1782699583.592531,52,0.000444,inf,STAND_TEST,0.000000,-0.012030,0.129042,0.180013,0.000000,0.000000,0.000000,1.000000,0.500000
1782699583.612568,53,0.000427,inf,STAND_TEST,0.000000,-0.012021,0.129000,0.180029,0.000000,0.000000,0.000000,1.000000,0.500000
1782699583.632627,54,0.000432,inf,STAND_TEST,0.000000,-0.012013,0.129016,0.179974,0.000000,0.000000,0.000000,1.000000,0.500000
1782699583.652658,55,0.000410,inf,STAND_TEST,0.000000,-0.011982,0.129007,0.180005,0.000000,0.000000,0.000000,1.000000,0.500000
1782699583.672921,56,0.000619,inf,STAND_TEST,0.000000,-0.011952,0.128993,0.179994,0.000000,0.000000,0.000000,1.000000,0.500000
1782699583.693002,57,0.000647,inf,STAND_TEST,0.000000,-0.011927,0.129031,0.180014,0.000000,0.000000,0.000000,1.000000,0.500000
1782699583.712874,58,0.000385,inf,STAND_TEST,0.000000,-0.011944,0.129024,0.179996,0.000000,0.000000,0.000000,1.000000,0.500000
1782699583.733031,59,0.000510,inf,STAND_TEST,0.000000,-0.011913,0.129014,0.179947,0.000000,0.000000,0.000000,1.000000,0.500000
1782699583.753048,60,0.000473,inf,STAND_TEST,0.000000,-0.011910,0.129018,0.179989,0.000000,0.000000,0.000000,1.000000,0.500000
1782699583.773049,61,0.000421,inf,STAND_TEST,0.000000,-0.011917,0.129012,0.179987,0.000000,0.000000,0.000000,1.000000,0.500000
1782699583.793067,62,0.000392,inf,STAND_TEST,0.000000,-0.011928,0.129019,0.179995,0.000000,0.000000,0.000000,1.000000,0.500000
1782699583.813129,63,0.000400,inf,STAND_TEST,0.000000,-0.011968,0.129012,0.179981,0.000000,0.000000,0.000000,1.000000,0.500000
1782699583.833410,64,0.000628,inf,STAND_TEST,0.000000,-0.011995,0.129012,0.179948,0.000000,0.000000,0.000000,1.000000,0.500000
1782699583.853451,65,0.000615,inf,STAND_TEST,0.000000,-0.012005,0.129037,0.179954,0.000000,0.000000,0.000000,1.000000,0.500000
1782699583.873369,66,0.000433,inf,STAND_TEST,0.000000,-0.012019,0.129037,0.179905,0.000000,0.000000,0.000000,1.000000,0.500000
1782699583.893425,67,0.000397,inf,STAND_TEST,0.000000,-0.012042,0.129034,0.179879,0.000000,0.000000,0.000000,1.000000,0.500000
1782699583.913517,68,0.000436,inf,STAND_TEST,0.000000,-0.012037,0.129068,0.179870,0.000000,0.000000,0.000000,1.000000,0.500000
1782699583.933540,69,0.000406,inf,STAND_TEST,0.000000,-0.012002,0.129119,0.179901,0.000000,0.000000,0.000000,1.000000,0.500000
1782699583.953581,70,0.000393,inf,STAND_TEST,0.000000,-0.012018,0.129139,0.179892,0.000000,0.000000,0.000000,1.000000,0.500000
1782699583.973650,71,0.000409,inf,STAND_TEST,0.000000,-0.012020,0.129123,0.179953,0.000000,0.000000,0.000000,1.000000,0.500000
1782699583.993950,72,0.000654,inf,STAND_TEST,0.000000,-0.012034,0.129062,0.179956,0.000000,0.000000,0.000000,1.000000,0.500000
1782699584.013971,73,0.000622,inf,STAND_TEST,0.000000,-0.012046,0.129034,0.179928,0.000000,0.000000,0.000000,1.000000,0.500000
1782699584.033896,74,0.000399,inf,STAND_TEST,0.000000,-0.012031,0.129014,0.179933,0.000000,0.000000,0.000000,1.000000,0.500000
1782699584.054108,75,0.000431,inf,STAND_TEST,0.000000,-0.012025,0.129034,0.179908,0.000000,0.000000,0.000000,1.000000,0.500000
1782699584.074166,76,0.000435,inf,STAND_TEST,0.000000,-0.012024,0.129014,0.179896,0.000000,0.000000,0.000000,1.000000,0.500000
1782699584.094208,77,0.000424,inf,STAND_TEST,0.000000,-0.012000,0.128991,0.179912,0.000000,0.000000,0.000000,1.000000,0.500000
1782699584.114236,78,0.000398,inf,STAND_TEST,0.000000,-0.011988,0.128952,0.179933,0.000000,0.000000,0.000000,1.000000,0.500000
1782699584.134889,79,0.000997,inf,STAND_TEST,0.000000,-0.011955,0.128982,0.179924,0.000000,0.000000,0.000000,1.000000,0.500000
1782699584.154604,80,0.000657,inf,STAND_TEST,0.000000,-0.011965,0.128974,0.179915,0.000000,0.000000,0.000000,1.000000,0.500000
1782699584.174618,81,0.000617,inf,STAND_TEST,0.000000,-0.011945,0.128956,0.179905,0.000000,0.000000,0.000000,1.000000,0.500000
1782699584.194671,82,0.000617,inf,STAND_TEST,0.000000,-0.011939,0.128964,0.179890,0.000000,0.000000,0.000000,1.000000,0.500000
1782699584.214564,83,0.000442,inf,STAND_TEST,0.000000,-0.011926,0.128968,0.179868,0.000000,0.000000,0.000000,1.000000,0.500000
1782699584.234578,84,0.000403,inf,STAND_TEST,0.000000,-0.011910,0.128929,0.179890,0.000000,0.000000,0.000000,1.000000,0.500000
1782699584.254649,85,0.000420,inf,STAND_TEST,0.000000,-0.011920,0.128882,0.179858,0.000000,0.000000,0.000000,1.000000,0.500000
1782699584.274705,86,0.000423,inf,STAND_TEST,0.000000,-0.011912,0.128898,0.179843,0.000000,0.000000,0.000000,1.000000,0.500000
1782699584.294733,87,0.000398,inf,STAND_TEST,0.000000,-0.011878,0.128851,0.179897,0.000000,0.000000,0.000000,1.000000,0.500000
1782699584.314818,88,0.000429,inf,STAND_TEST,0.000000,-0.011859,0.128837,0.179910,0.000000,0.000000,0.000000,1.000000,0.500000
1782699584.335037,89,0.000402,inf,STAND_TEST,0.000000,-0.011866,0.128776,0.179872,0.000000,0.000000,0.000000,1.000000,0.500000
1782699584.355281,90,0.000417,inf,STAND_TEST,0.000000,-0.011871,0.128767,0.179883,0.000000,0.000000,0.000000,1.000000,0.500000
1782699584.375322,91,0.000404,inf,STAND_TEST,0.000000,-0.011863,0.128805,0.179878,0.000000,0.000000,0.000000,1.000000,0.500000
1782699584.395400,92,0.000428,inf,STAND_TEST,0.000000,-0.011850,0.128792,0.179836,0.000000,0.000000,0.000000,1.000000,0.500000
1782699584.415675,93,0.000649,inf,STAND_TEST,0.000000,-0.011856,0.128790,0.179834,0.000000,0.000000,0.000000,1.000000,0.500000
1782699584.435720,94,0.000640,inf,STAND_TEST,0.000000,-0.011844,0.128829,0.179791,0.000000,0.000000,0.000000,1.000000,0.500000
1782699584.455792,95,0.000659,inf,STAND_TEST,0.000000,-0.011838,0.128838,0.179791,0.000000,0.000000,0.000000,1.000000,0.500000
1782699584.475663,96,0.000407,inf,STAND_TEST,0.000000,-0.011837,0.128822,0.179780,0.000000,0.000000,0.000000,1.000000,0.500000
1782699584.495759,97,0.000468,inf,STAND_TEST,0.000000,-0.011843,0.128817,0.179765,0.000000,0.000000,0.000000,1.000000,0.500000
1782699584.515824,98,0.000478,inf,STAND_TEST,0.000000,-0.011860,0.128825,0.179774,0.000000,0.000000,0.000000,1.000000,0.500000
1782699584.535948,99,0.000547,inf,STAND_TEST,0.000000,-0.011884,0.128821,0.179739,0.000000,0.000000,0.000000,1.000000,0.500000
1782699584.556031,100,0.000533,inf,STAND_TEST,0.000000,-0.011889,0.128807,0.179729,0.000000,0.000000,0.000000,1.000000,0.500000
1782699584.575970,101,0.000419,inf,STAND_TEST,0.000000,-0.011901,0.128804,0.179748,0.000000,0.000000,0.000000,1.000000,0.500000
1782699584.596249,102,0.000644,inf,STAND_TEST,0.000000,-0.011941,0.128766,0.179720,0.000000,0.000000,0.000000,1.000000,0.500000
1782699584.616287,103,0.000629,inf,STAND_TEST,0.000000,-0.011933,0.128786,0.179758,0.000000,0.000000,0.000000,1.000000,0.500000
1782699584.636352,104,0.000640,inf,STAND_TEST,0.000000,-0.011966,0.128789,0.179750,0.000000,0.000000,0.000000,1.000000,0.500000
1782699584.656342,105,0.000436,inf,STAND_TEST,0.000000,-0.011965,0.128780,0.179768,0.000000,0.000000,0.000000,1.000000,0.500000
1782699584.676377,106,0.000418,inf,STAND_TEST,0.000000,-0.011930,0.128745,0.179779,0.000000,0.000000,0.000000,1.000000,0.500000
1782699584.696450,107,0.000439,inf,STAND_TEST,0.000000,-0.011915,0.128765,0.179787,0.000000,0.000000,0.000000,1.000000,0.500000
1782699584.716479,108,0.000413,inf,STAND_TEST,0.000000,-0.011896,0.128745,0.179791,0.000000,0.000000,0.000000,1.000000,0.500000
1782699584.736767,109,0.000676,inf,STAND_TEST,0.000000,-0.011872,0.128687,0.179835,0.000000,0.000000,0.000000,1.000000,0.500000
1782699584.756537,110,0.000393,inf,STAND_TEST,0.000000,-0.011886,0.128659,0.179831,0.000000,0.000000,0.000000,1.000000,0.500000
1782699584.776845,111,0.000647,inf,STAND_TEST,0.000000,-0.011917,0.128657,0.179858,0.000000,0.000000,0.000000,1.000000,0.500000
1782699584.796844,112,0.000593,inf,STAND_TEST,0.000000,-0.011892,0.128652,0.179887,0.000000,0.000000,0.000000,1.000000,0.500000
1782699584.816767,113,0.000387,inf,STAND_TEST,0.000000,-0.011900,0.128633,0.179885,0.000000,0.000000,0.000000,1.000000,0.500000
1782699584.836849,114,0.000415,inf,STAND_TEST,0.000000,-0.011884,0.128659,0.179857,0.000000,0.000000,0.000000,1.000000,0.500000
1782699584.856972,115,0.000482,inf,STAND_TEST,0.000000,-0.011851,0.128662,0.179903,0.000000,0.000000,0.000000,1.000000,0.500000
1782699584.876990,116,0.000443,inf,STAND_TEST,0.000000,-0.011830,0.128643,0.179898,0.000000,0.000000,0.000000,1.000000,0.500000
1782699584.897033,117,0.000431,inf,STAND_TEST,0.000000,-0.011837,0.128626,0.179891,0.000000,0.000000,0.000000,1.000000,0.500000
1782699584.917120,118,0.000462,inf,STAND_TEST,0.000000,-0.011805,0.128558,0.179908,0.000000,0.000000,0.000000,1.000000,0.500000
1782699584.937391,119,0.000678,inf,STAND_TEST,0.000000,-0.011798,0.128538,0.179921,0.000000,0.000000,0.000000,1.000000,0.500000
1782699584.957453,120,0.000683,inf,STAND_TEST,0.000000,-0.011798,0.128512,0.179918,0.000000,0.000000,0.000000,1.000000,0.500000
1782699584.977481,121,0.000656,inf,STAND_TEST,0.000000,-0.011817,0.128496,0.179889,0.000000,0.000000,0.000000,1.000000,0.500000
1782699584.997555,122,0.000468,inf,STAND_TEST,0.000000,-0.011811,0.128452,0.179877,0.000000,0.000000,0.000000,1.000000,0.500000
1782699585.017572,123,0.000429,inf,STAND_TEST,0.000000,-0.011816,0.128475,0.179880,0.000000,0.000000,0.000000,1.000000,0.500000
1782699585.037886,124,0.000688,inf,STAND_TEST,0.000000,-0.011838,0.128455,0.179861,0.000000,0.000000,0.000000,1.000000,0.500000
1782699585.057872,125,0.000620,inf,STAND_TEST,0.000000,-0.011800,0.128492,0.179855,0.000000,0.000000,0.000000,1.000000,0.500000
1782699585.078118,126,0.000811,inf,STAND_TEST,0.000000,-0.011814,0.128501,0.179874,0.000000,0.000000,0.000000,1.000000,0.500000
1782699585.098130,127,0.000770,inf,STAND_TEST,0.000000,-0.011805,0.128514,0.179889,0.000000,0.000000,0.000000,1.000000,0.500000
1782699585.118189,128,0.000776,inf,STAND_TEST,0.000000,-0.011800,0.128489,0.179899,0.000000,0.000000,0.000000,1.000000,0.500000
1782699585.138226,129,0.000515,inf,STAND_TEST,0.000000,-0.011781,0.128517,0.179893,0.000000,0.000000,0.000000,1.000000,0.500000
1782699585.158190,130,0.000425,inf,STAND_TEST,0.000000,-0.011780,0.128515,0.179872,0.000000,0.000000,0.000000,1.000000,0.500000
1782699585.178248,131,0.000428,inf,STAND_TEST,0.000000,-0.011772,0.128502,0.179859,0.000000,0.000000,0.000000,1.000000,0.500000
1782699585.198369,132,0.000496,inf,STAND_TEST,0.000000,-0.011763,0.128486,0.179864,0.000000,0.000000,0.000000,1.000000,0.500000
1782699585.218592,133,0.000665,inf,STAND_TEST,0.000000,-0.011762,0.128489,0.179896,0.000000,0.000000,0.000000,1.000000,0.500000
1782699585.238615,134,0.000634,inf,STAND_TEST,0.000000,-0.011775,0.128478,0.179863,0.000000,0.000000,0.000000,1.000000,0.500000
1782699585.258706,135,0.000671,inf,STAND_TEST,0.000000,-0.011780,0.128427,0.179864,0.000000,0.000000,0.000000,1.000000,0.500000
1782699585.278632,136,0.000421,inf,STAND_TEST,0.000000,-0.011785,0.128449,0.179836,0.000000,0.000000,0.000000,1.000000,0.500000
1782699585.298664,137,0.000398,inf,STAND_TEST,0.000000,-0.011774,0.128448,0.179828,0.000000,0.000000,0.000000,1.000000,0.500000
1782699585.318735,138,0.000416,inf,STAND_TEST,0.000000,-0.011782,0.128407,0.179823,0.000000,0.000000,0.000000,1.000000,0.500000
1782699585.338774,139,0.000402,inf,STAND_TEST,0.000000,-0.011775,0.128413,0.179831,0.000000,0.000000,0.000000,1.000000,0.500000
1782699585.358823,140,0.000397,inf,STAND_TEST,0.000000,-0.011773,0.128356,0.179822,0.000000,0.000000,0.000000,1.000000,0.500000
1782699585.378887,141,0.000408,inf,STAND_TEST,0.000000,-0.011775,0.128346,0.179892,0.000000,0.000000,0.000000,1.000000,0.500000
1782699585.399179,142,0.000640,inf,STAND_TEST,0.000000,-0.011783,0.128324,0.179873,0.000000,0.000000,0.000000,1.000000,0.500000
1782699585.419258,143,0.000665,inf,STAND_TEST,0.000000,-0.011796,0.128255,0.179875,0.000000,0.000000,0.000000,1.000000,0.500000
1782699585.439178,144,0.000461,inf,STAND_TEST,0.000000,-0.011788,0.128255,0.179833,0.000000,0.000000,0.000000,1.000000,0.500000
1782699585.459266,145,0.000496,inf,STAND_TEST,0.000000,-0.011791,0.128243,0.179847,0.000000,0.000000,0.000000,1.000000,0.500000
1782699585.479204,146,0.000378,inf,STAND_TEST,0.000000,-0.011786,0.128269,0.179843,0.000000,0.000000,0.000000,1.000000,0.500000
1782699585.499369,147,0.000441,inf,STAND_TEST,0.000000,-0.011768,0.128271,0.179810,0.000000,0.000000,0.000000,1.000000,0.500000
1782699585.519471,148,0.000435,inf,STAND_TEST,0.000000,-0.011743,0.128235,0.179812,0.000000,0.000000,0.000000,1.000000,0.500000
1782699585.539809,149,0.000670,inf,STAND_TEST,0.000000,-0.011730,0.128166,0.179812,0.000000,0.000000,0.000000,1.000000,0.500000
1782699585.559923,150,0.000678,inf,STAND_TEST,0.000000,-0.011728,0.128075,0.179849,0.000000,0.000000,0.000000,1.000000,0.500000
1782699585.579869,151,0.000437,inf,STAND_TEST,0.000000,-0.011704,0.128021,0.179890,0.000000,0.000000,0.000000,1.000000,0.500000
1782699585.599969,152,0.000438,inf,STAND_TEST,0.000000,-0.011704,0.127992,0.179917,0.000000,0.000000,0.000000,1.000000,0.500000
1782699585.620071,153,0.000434,inf,STAND_TEST,0.000000,-0.011701,0.128008,0.179897,0.000000,0.000000,0.000000,1.000000,0.500000
1782699585.640175,154,0.000440,inf,STAND_TEST,0.000000,-0.011675,0.128010,0.179887,0.000000,0.000000,0.000000,1.000000,0.500000
1782699585.660538,155,0.000704,inf,STAND_TEST,0.000000,-0.011656,0.128003,0.179938,0.000000,0.000000,0.000000,1.000000,0.500000
1782699585.680588,156,0.000433,inf,STAND_TEST,0.000000,-0.011679,0.127996,0.179967,0.000000,0.000000,0.000000,1.000000,0.500000
1782699585.700705,157,0.000429,inf,STAND_TEST,0.000000,-0.011673,0.128041,0.179938,0.000000,0.000000,0.000000,1.000000,0.500000
1782699585.720816,158,0.000433,inf,STAND_TEST,0.000000,-0.011688,0.128047,0.179915,0.000000,0.000000,0.000000,1.000000,0.500000
1782699585.741173,159,0.000679,inf,STAND_TEST,0.000000,-0.011666,0.128049,0.179918,0.000000,0.000000,0.000000,1.000000,0.500000
1782699585.761273,160,0.000679,inf,STAND_TEST,0.000000,-0.011659,0.128070,0.179919,0.000000,0.000000,0.000000,1.000000,0.500000
1782699585.781326,161,0.000428,inf,STAND_TEST,0.000000,-0.011638,0.128058,0.179939,0.000000,0.000000,0.000000,1.000000,0.500000
1782699585.801454,162,0.000431,inf,STAND_TEST,0.000000,-0.011641,0.128023,0.179972,0.000000,0.000000,0.000000,1.000000,0.500000
1782699585.821809,163,0.000654,inf,STAND_TEST,0.000000,-0.011622,0.128042,0.179947,0.000000,0.000000,0.000000,1.000000,0.500000
1782699585.842023,164,0.000758,inf,STAND_TEST,0.000000,-0.011607,0.128029,0.179937,0.000000,0.000000,0.000000,1.000000,0.500000
1782699585.862058,165,0.000689,inf,STAND_TEST,0.000000,-0.011625,0.127976,0.179954,0.000000,0.000000,0.000000,1.000000,0.500000
1782699585.881932,166,0.000428,inf,STAND_TEST,0.000000,-0.011637,0.127945,0.179929,0.000000,0.000000,0.000000,1.000000,0.500000
1782699585.902066,167,0.000471,inf,STAND_TEST,0.000000,-0.011650,0.127913,0.179942,0.000000,0.000000,0.000000,1.000000,0.500000
1782699585.922050,168,0.000413,inf,STAND_TEST,0.000000,-0.011636,0.127944,0.179913,0.000000,0.000000,0.000000,1.000000,0.500000
1782699585.942103,169,0.000411,inf,STAND_TEST,0.000000,-0.011638,0.127930,0.179942,0.000000,0.000000,0.000000,1.000000,0.500000
1782699585.962263,170,0.000405,inf,STAND_TEST,0.000000,-0.011623,0.127916,0.179969,0.000000,0.000000,0.000000,1.000000,0.500000
1782699585.982535,171,0.000624,inf,STAND_TEST,0.000000,-0.011647,0.127889,0.180013,0.000000,0.000000,0.000000,1.000000,0.500000
1782699586.002558,172,0.000413,inf,STAND_TEST,0.000000,-0.011633,0.127873,0.179986,0.000000,0.000000,0.000000,1.000000,0.500000
1782699586.022614,173,0.000416,inf,STAND_TEST,0.000000,-0.011642,0.127825,0.179970,0.000000,0.000000,0.000000,1.000000,0.500000
1782699586.042662,174,0.000409,inf,STAND_TEST,0.000000,-0.011667,0.127841,0.179896,0.000000,0.000000,0.000000,1.000000,0.500000
1782699586.062687,175,0.000381,inf,STAND_TEST,0.000000,-0.011679,0.127780,0.179888,0.000000,0.000000,0.000000,1.000000,0.500000
1782699586.082815,176,0.000455,inf,STAND_TEST,0.000000,-0.011672,0.127773,0.179875,0.000000,0.000000,0.000000,1.000000,0.500000
1782699586.102813,177,0.000399,inf,STAND_TEST,0.000000,-0.011678,0.127756,0.179828,0.000000,0.000000,0.000000,1.000000,0.500000
1782699586.123054,178,0.000587,inf,STAND_TEST,0.000000,-0.011663,0.127766,0.179812,0.000000,0.000000,0.000000,1.000000,0.500000
1782699586.143195,179,0.000544,inf,STAND_TEST,0.000000,-0.011648,0.127733,0.179812,0.000000,0.000000,0.000000,1.000000,0.500000
1782699586.163204,180,0.000447,inf,STAND_TEST,0.000000,-0.011640,0.127738,0.179786,0.000000,0.000000,0.000000,1.000000,0.500000
1782699586.183281,181,0.000470,inf,STAND_TEST,0.000000,-0.011649,0.127760,0.179771,0.000000,0.000000,0.000000,1.000000,0.500000
1782699586.203303,182,0.000437,inf,STAND_TEST,0.000000,-0.011679,0.127761,0.179740,0.000000,0.000000,0.000000,1.000000,0.500000
1782699586.223329,183,0.000409,inf,STAND_TEST,0.000000,-0.011686,0.127744,0.179726,0.000000,0.000000,0.000000,1.000000,0.500000
1782699586.243661,184,0.000687,inf,STAND_TEST,0.000000,-0.011687,0.127666,0.179739,0.000000,0.000000,0.000000,1.000000,0.500000
1782699586.263679,185,0.000650,inf,STAND_TEST,0.000000,-0.011693,0.127680,0.179689,0.000000,0.000000,0.000000,1.000000,0.500000
1782699586.283712,186,0.000439,inf,STAND_TEST,0.000000,-0.011693,0.127721,0.179672,0.000000,0.000000,0.000000,1.000000,0.500000
1782699586.303836,187,0.000429,inf,STAND_TEST,0.000000,-0.011705,0.127682,0.179656,0.000000,0.000000,0.000000,1.000000,0.500000
1782699586.323934,188,0.000473,inf,STAND_TEST,0.000000,-0.011706,0.127638,0.179619,0.000000,0.000000,0.000000,1.000000,0.500000
1782699586.344038,189,0.000521,inf,STAND_TEST,0.000000,-0.011701,0.127623,0.179634,0.000000,0.000000,0.000000,1.000000,0.500000
1782699586.364001,190,0.000429,inf,STAND_TEST,0.000000,-0.011709,0.127621,0.179627,0.000000,0.000000,0.000000,1.000000,0.500000
1782699586.384102,191,0.000474,inf,STAND_TEST,0.000000,-0.011682,0.127646,0.179650,0.000000,0.000000,0.000000,1.000000,0.500000
1782699586.404332,192,0.000649,inf,STAND_TEST,0.000000,-0.011708,0.127657,0.179650,0.000000,0.000000,0.000000,1.000000,0.500000
1782699586.424419,193,0.000681,inf,STAND_TEST,0.000000,-0.011727,0.127638,0.179661,0.000000,0.000000,0.000000,1.000000,0.500000
1782699586.444344,194,0.000431,inf,STAND_TEST,0.000000,-0.011707,0.127604,0.179701,0.000000,0.000000,0.000000,1.000000,0.500000
1782699586.464417,195,0.000450,inf,STAND_TEST,0.000000,-0.011715,0.127614,0.179696,0.000000,0.000000,0.000000,1.000000,0.500000
1782699586.484450,196,0.000429,inf,STAND_TEST,0.000000,-0.011691,0.127621,0.179751,0.000000,0.000000,0.000000,1.000000,0.500000
1782699586.504550,197,0.000474,inf,STAND_TEST,0.000000,-0.011694,0.127627,0.179737,0.000000,0.000000,0.000000,1.000000,0.500000
1782699586.524591,198,0.000459,inf,STAND_TEST,0.000000,-0.011704,0.127628,0.179722,0.000000,0.000000,0.000000,1.000000,0.500000
1782699586.545041,199,0.000851,inf,STAND_TEST,0.000000,-0.011667,0.127640,0.179736,0.000000,0.000000,0.000000,1.000000,0.500000
1782699586.564947,200,0.000703,inf,STAND_TEST,0.000000,-0.011673,0.127641,0.179681,0.000000,0.000000,0.000000,1.000000,0.500000
1782699586.584966,201,0.000667,inf,STAND_TEST,0.000000,-0.011700,0.127653,0.179624,0.000000,0.000000,0.000000,1.000000,0.500000
1782699586.605173,202,0.000481,inf,STAND_TEST,0.000000,-0.011702,0.127652,0.179588,0.000000,0.000000,0.000000,1.000000,0.500000
1782699586.625256,203,0.000444,inf,STAND_TEST,0.000000,-0.011728,0.127633,0.179607,0.000000,0.000000,0.000000,1.000000,0.500000
1782699586.645348,204,0.000433,inf,STAND_TEST,0.000000,-0.011749,0.127649,0.179601,0.000000,0.000000,0.000000,1.000000,0.500000
1782699586.665691,205,0.000665,inf,STAND_TEST,0.000000,-0.011749,0.127650,0.179571,0.000000,0.000000,0.000000,1.000000,0.500000
1782699586.685765,206,0.000685,inf,STAND_TEST,0.000000,-0.011735,0.127654,0.179579,0.000000,0.000000,0.000000,1.000000,0.500000
1782699586.705648,207,0.000434,inf,STAND_TEST,0.000000,-0.011743,0.127699,0.179540,0.000000,0.000000,0.000000,1.000000,0.500000
1782699586.725714,208,0.000447,inf,STAND_TEST,0.000000,-0.011747,0.127691,0.179505,0.000000,0.000000,0.000000,1.000000,0.500000
1782699586.745793,209,0.000471,inf,STAND_TEST,0.000000,-0.011751,0.127675,0.179484,0.000000,0.000000,0.000000,1.000000,0.500000
1782699586.765820,210,0.000443,inf,STAND_TEST,0.000000,-0.011757,0.127672,0.179462,0.000000,0.000000,0.000000,1.000000,0.500000
1782699586.785840,211,0.000410,inf,STAND_TEST,0.000000,-0.011742,0.127669,0.179483,0.000000,0.000000,0.000000,1.000000,0.500000
1782699586.806173,212,0.000686,inf,STAND_TEST,0.000000,-0.011743,0.127633,0.179496,0.000000,0.000000,0.000000,1.000000,0.500000
1782699586.826369,213,0.000827,inf,STAND_TEST,0.000000,-0.011717,0.127661,0.179538,0.000000,0.000000,0.000000,1.000000,0.500000
1782699586.846260,214,0.000662,inf,STAND_TEST,0.000000,-0.011709,0.127709,0.179521,0.000000,0.000000,0.000000,1.000000,0.500000
1782699586.866273,215,0.000430,inf,STAND_TEST,0.000000,-0.011726,0.127689,0.179449,0.000000,0.000000,0.000000,1.000000,0.500000
1782699586.886408,216,0.000510,inf,STAND_TEST,0.000000,-0.011735,0.127712,0.179438,0.000000,0.000000,0.000000,1.000000,0.500000
1782699586.906413,217,0.000459,inf,STAND_TEST,0.000000,-0.011753,0.127725,0.179395,0.000000,0.000000,0.000000,1.000000,0.500000
1782699586.926458,218,0.000450,inf,STAND_TEST,0.000000,-0.011759,0.127793,0.179382,0.000000,0.000000,0.000000,1.000000,0.500000
1782699586.946488,219,0.000426,inf,STAND_TEST,0.000000,-0.011756,0.127798,0.179409,0.000000,0.000000,0.000000,1.000000,0.500000
1782699586.966759,220,0.000446,inf,STAND_TEST,0.000000,-0.011751,0.127808,0.179415,0.000000,0.000000,0.000000,1.000000,0.500000
1782699586.986887,221,0.000447,inf,STAND_TEST,0.000000,-0.011771,0.127798,0.179415,0.000000,0.000000,0.000000,1.000000,0.500000
1782699587.006926,222,0.000430,inf,STAND_TEST,0.000000,-0.011771,0.127853,0.179433,0.000000,0.000000,0.000000,1.000000,0.500000
1782699587.027094,223,0.000542,inf,STAND_TEST,0.000000,-0.011767,0.127847,0.179452,0.000000,0.000000,0.000000,1.000000,0.500000
1782699587.047138,224,0.000530,inf,STAND_TEST,0.000000,-0.011774,0.127888,0.179453,0.000000,0.000000,0.000000,1.000000,0.500000
1782699587.067099,225,0.000436,inf,STAND_TEST,0.000000,-0.011790,0.127921,0.179456,0.000000,0.000000,0.000000,1.000000,0.500000
1782699587.087183,226,0.000465,inf,STAND_TEST,0.000000,-0.011759,0.127883,0.179459,0.000000,0.000000,0.000000,1.000000,0.500000
1782699587.107407,227,0.000635,inf,STAND_TEST,0.000000,-0.011774,0.127933,0.179454,0.000000,0.000000,0.000000,1.000000,0.500000
1782699587.127466,228,0.000641,inf,STAND_TEST,0.000000,-0.011785,0.127932,0.179467,0.000000,0.000000,0.000000,1.000000,0.500000
1782699587.147335,229,0.000455,inf,STAND_TEST,0.000000,-0.011788,0.127942,0.179479,0.000000,0.000000,0.000000,1.000000,0.500000
1782699587.167433,230,0.000428,inf,STAND_TEST,0.000000,-0.011798,0.127961,0.179464,0.000000,0.000000,0.000000,1.000000,0.500000
1782699587.187476,231,0.000417,inf,STAND_TEST,0.000000,-0.011806,0.127969,0.179492,0.000000,0.000000,0.000000,1.000000,0.500000
1782699587.207558,232,0.000446,inf,STAND_TEST,0.000000,-0.011778,0.127950,0.179513,0.000000,0.000000,0.000000,1.000000,0.500000
1782699587.227588,233,0.000422,inf,STAND_TEST,0.000000,-0.011766,0.127935,0.179508,0.000000,0.000000,0.000000,1.000000,0.500000
1782699587.247655,234,0.000435,inf,STAND_TEST,0.000000,-0.011776,0.127943,0.179495,0.000000,0.000000,0.000000,1.000000,0.500000
1782699587.267928,235,0.000653,inf,STAND_TEST,0.000000,-0.011769,0.127972,0.179463,0.000000,0.000000,0.000000,1.000000,0.500000
1782699587.288048,236,0.000455,inf,STAND_TEST,0.000000,-0.011791,0.127976,0.179465,0.000000,0.000000,0.000000,1.000000,0.500000
1782699587.308170,237,0.000416,inf,STAND_TEST,0.000000,-0.011786,0.128004,0.179440,0.000000,0.000000,0.000000,1.000000,0.500000
1782699587.328234,238,0.000426,inf,STAND_TEST,0.000000,-0.011789,0.128077,0.179427,0.000000,0.000000,0.000000,1.000000,0.500000
1782699587.348283,239,0.000422,inf,STAND_TEST,0.000000,-0.011806,0.128111,0.179420,0.000000,0.000000,0.000000,1.000000,0.500000
1782699587.368567,240,0.000652,inf,STAND_TEST,0.000000,-0.011769,0.128125,0.179415,0.000000,0.000000,0.000000,1.000000,0.500000
1782699587.388603,241,0.000632,inf,STAND_TEST,0.000000,-0.011759,0.128136,0.179399,0.000000,0.000000,0.000000,1.000000,0.500000
1782699587.408743,242,0.000489,inf,STAND_TEST,0.000000,-0.011753,0.128156,0.179456,0.000000,0.000000,0.000000,1.000000,0.500000
1782699587.428739,243,0.000431,inf,STAND_TEST,0.000000,-0.011757,0.128153,0.179429,0.000000,0.000000,0.000000,1.000000,0.500000
1782699587.448846,244,0.000498,inf,STAND_TEST,0.000000,-0.011763,0.128097,0.179385,0.000000,0.000000,0.000000,1.000000,0.500000
1782699587.468835,245,0.000430,inf,STAND_TEST,0.000000,-0.011750,0.128079,0.179376,0.000000,0.000000,0.000000,1.000000,0.500000
1782699587.488877,246,0.000417,inf,STAND_TEST,0.000000,-0.011771,0.128135,0.179351,0.000000,0.000000,0.000000,1.000000,0.500000
1782699587.509179,247,0.000665,inf,STAND_TEST,0.000000,-0.011748,0.128199,0.179346,0.000000,0.000000,0.000000,1.000000,0.500000
1782699587.529228,248,0.000662,inf,STAND_TEST,0.000000,-0.011780,0.128220,0.179345,0.000000,0.000000,0.000000,1.000000,0.500000
1782699587.549251,249,0.000631,inf,STAND_TEST,0.000000,-0.011763,0.128245,0.179393,0.000000,0.000000,0.000000,1.000000,0.500000
1782699587.569327,250,0.000431,inf,STAND_TEST,0.000000,-0.011752,0.128262,0.179373,0.000000,0.000000,0.000000,1.000000,0.500000
1782699587.589427,251,0.000476,inf,STAND_TEST,0.000000,-0.011779,0.128281,0.179333,0.000000,0.000000,0.000000,1.000000,0.500000
1782699587.609470,252,0.000463,inf,STAND_TEST,0.000000,-0.011787,0.128253,0.179350,0.000000,0.000000,0.000000,1.000000,0.500000
1782699587.629492,253,0.000431,inf,STAND_TEST,0.000000,-0.011798,0.128259,0.179350,0.000000,0.000000,0.000000,1.000000,0.500000
1782699587.649531,254,0.000416,inf,STAND_TEST,0.000000,-0.011793,0.128274,0.179307,0.000000,0.000000,0.000000,1.000000,0.500000
1782699587.669792,255,0.000448,inf,STAND_TEST,0.000000,-0.011787,0.128256,0.179317,0.000000,0.000000,0.000000,1.000000,0.500000
1782699587.690006,256,0.000552,inf,STAND_TEST,0.000000,-0.011819,0.128283,0.179273,0.000000,0.000000,0.000000,1.000000,0.500000
1782699587.709957,257,0.000450,inf,STAND_TEST,0.000000,-0.011807,0.128325,0.179319,0.000000,0.000000,0.000000,1.000000,0.500000
1782699587.729965,258,0.000405,inf,STAND_TEST,0.000000,-0.011786,0.128304,0.179336,0.000000,0.000000,0.000000,1.000000,0.500000
1782699587.750076,259,0.000502,inf,STAND_TEST,0.000000,-0.011816,0.128325,0.179281,0.000000,0.000000,0.000000,1.000000,0.500000
1782699587.770156,260,0.000527,inf,STAND_TEST,0.000000,-0.011784,0.128328,0.179295,0.000000,0.000000,0.000000,1.000000,0.500000
1782699587.790077,261,0.000438,inf,STAND_TEST,0.000000,-0.011786,0.128349,0.179304,0.000000,0.000000,0.000000,1.000000,0.500000
1782699587.810493,262,0.000798,inf,STAND_TEST,0.000000,-0.011806,0.128384,0.179267,0.000000,0.000000,0.000000,1.000000,0.500000
1782699587.830552,263,0.000801,inf,STAND_TEST,0.000000,-0.011813,0.128410,0.179283,0.000000,0.000000,0.000000,1.000000,0.500000
1782699587.850437,264,0.000418,inf,STAND_TEST,0.000000,-0.011823,0.128449,0.179286,0.000000,0.000000,0.000000,1.000000,0.500000
1782699587.870501,265,0.000426,inf,STAND_TEST,0.000000,-0.011830,0.128457,0.179297,0.000000,0.000000,0.000000,1.000000,0.500000
1782699587.890595,266,0.000466,inf,STAND_TEST,0.000000,-0.011829,0.128467,0.179289,0.000000,0.000000,0.000000,1.000000,0.500000
1782699587.910619,267,0.000432,inf,STAND_TEST,0.000000,-0.011834,0.128454,0.179235,0.000000,0.000000,0.000000,1.000000,0.500000
1782699587.930670,268,0.000427,inf,STAND_TEST,0.000000,-0.011862,0.128410,0.179213,0.000000,0.000000,0.000000,1.000000,0.500000
1782699587.950993,269,0.000694,inf,STAND_TEST,0.000000,-0.011851,0.128404,0.179192,0.000000,0.000000,0.000000,1.000000,0.500000
1782699587.970792,270,0.000437,inf,STAND_TEST,0.000000,-0.011821,0.128405,0.179236,0.000000,0.000000,0.000000,1.000000,0.500000
1782699587.990975,271,0.000430,inf,STAND_TEST,0.000000,-0.011814,0.128432,0.179203,0.000000,0.000000,0.000000,1.000000,0.500000
1782699588.011184,272,0.000457,inf,STAND_TEST,0.000000,-0.011801,0.128479,0.179203,0.000000,0.000000,0.000000,1.000000,0.500000
1782699588.031247,273,0.000464,inf,STAND_TEST,0.000000,-0.011812,0.128503,0.179154,0.000000,0.000000,0.000000,1.000000,0.500000
1782699588.051340,274,0.000502,inf,STAND_TEST,0.000000,-0.011828,0.128497,0.179126,0.000000,0.000000,0.000000,1.000000,0.500000
1782699588.071353,275,0.000460,inf,STAND_TEST,0.000000,-0.011802,0.128531,0.179152,0.000000,0.000000,0.000000,1.000000,0.500000
1782699588.091611,276,0.000663,inf,STAND_TEST,0.000000,-0.011797,0.128556,0.179134,0.000000,0.000000,0.000000,1.000000,0.500000
1782699588.111670,277,0.000667,inf,STAND_TEST,0.000000,-0.011779,0.128556,0.179162,0.000000,0.000000,0.000000,1.000000,0.500000
1782699588.131563,278,0.000411,inf,STAND_TEST,0.000000,-0.011757,0.128608,0.179183,0.000000,0.000000,0.000000,1.000000,0.500000
1782699588.151665,279,0.000455,inf,STAND_TEST,0.000000,-0.011783,0.128624,0.179111,0.000000,0.000000,0.000000,1.000000,0.500000
1782699588.171677,280,0.000413,inf,STAND_TEST,0.000000,-0.011751,0.128619,0.179095,0.000000,0.000000,0.000000,1.000000,0.500000
1782699588.191787,281,0.000469,inf,STAND_TEST,0.000000,-0.011757,0.128643,0.179080,0.000000,0.000000,0.000000,1.000000,0.500000
1782699588.211818,282,0.000441,inf,STAND_TEST,0.000000,-0.011730,0.128645,0.179088,0.000000,0.000000,0.000000,1.000000,0.500000
1782699588.231848,283,0.000416,inf,STAND_TEST,0.000000,-0.011717,0.128615,0.179122,0.000000,0.000000,0.000000,1.000000,0.500000
1782699588.252273,284,0.000788,inf,STAND_TEST,0.000000,-0.011713,0.128660,0.179120,0.000000,0.000000,0.000000,1.000000,0.500000
1782699588.272011,285,0.000471,inf,STAND_TEST,0.000000,-0.011708,0.128665,0.179082,0.000000,0.000000,0.000000,1.000000,0.500000
1782699588.292309,286,0.000475,inf,STAND_TEST,0.000000,-0.011710,0.128670,0.179050,0.000000,0.000000,0.000000,1.000000,0.500000
1782699588.312310,287,0.000421,inf,STAND_TEST,0.000000,-0.011690,0.128630,0.179072,0.000000,0.000000,0.000000,1.000000,0.500000
1782699588.332380,288,0.000434,inf,STAND_TEST,0.000000,-0.011689,0.128635,0.179039,0.000000,0.000000,0.000000,1.000000,0.500000
1782699588.352453,289,0.000453,inf,STAND_TEST,0.000000,-0.011695,0.128637,0.179011,0.000000,0.000000,0.000000,1.000000,0.500000
1782699588.372841,290,0.000788,inf,STAND_TEST,0.000000,-0.011683,0.128672,0.178979,0.000000,0.000000,0.000000,1.000000,0.500000
1782699588.392907,291,0.000798,inf,STAND_TEST,0.000000,-0.011706,0.128694,0.178962,0.000000,0.000000,0.000000,1.000000,0.500000
1782699588.412992,292,0.000827,inf,STAND_TEST,0.000000,-0.011701,0.128711,0.178978,0.000000,0.000000,0.000000,1.000000,0.500000
1782699588.432884,293,0.000665,inf,STAND_TEST,0.000000,-0.011694,0.128757,0.179007,0.000000,0.000000,0.000000,1.000000,0.500000
1782699588.452898,294,0.000452,inf,STAND_TEST,0.000000,-0.011666,0.128803,0.178982,0.000000,0.000000,0.000000,1.000000,0.500000
1782699588.472957,295,0.000454,inf,STAND_TEST,0.000000,-0.011673,0.128772,0.178992,0.000000,0.000000,0.000000,1.000000,0.500000
1782699588.493006,296,0.000448,inf,STAND_TEST,0.000000,-0.011675,0.128844,0.178987,0.000000,0.000000,0.000000,1.000000,0.500000
1782699588.513041,297,0.000428,inf,STAND_TEST,0.000000,-0.011659,0.128843,0.178984,0.000000,0.000000,0.000000,1.000000,0.500000
1782699588.533098,298,0.000430,inf,STAND_TEST,0.000000,-0.011642,0.128884,0.178972,0.000000,0.000000,0.000000,1.000000,0.500000
1782699588.553425,299,0.000702,inf,STAND_TEST,0.000000,-0.011659,0.128886,0.178979,0.000000,0.000000,0.000000,1.000000,0.500000
1782699588.573639,300,0.000551,inf,STAND_TEST,0.000000,-0.011646,0.128889,0.178946,0.000000,0.000000,0.000000,1.000000,0.500000
1782699588.593797,301,0.000568,inf,STAND_TEST,0.000000,-0.011621,0.128906,0.178906,0.000000,0.000000,0.000000,1.000000,0.500000
1782699588.613774,302,0.000489,inf,STAND_TEST,0.000000,-0.011593,0.128938,0.178914,0.000000,0.000000,0.000000,1.000000,0.500000
1782699588.634084,303,0.000744,inf,STAND_TEST,0.000000,-0.011595,0.128925,0.178923,0.000000,0.000000,0.000000,1.000000,0.500000
1782699588.654090,304,0.000695,inf,STAND_TEST,0.000000,-0.011595,0.128959,0.178887,0.000000,0.000000,0.000000,1.000000,0.500000
1782699588.674271,305,0.000819,inf,STAND_TEST,0.000000,-0.011593,0.128971,0.178889,0.000000,0.000000,0.000000,1.000000,0.500000
1782699588.694161,306,0.000447,inf,STAND_TEST,0.000000,-0.011579,0.129003,0.178859,0.000000,0.000000,0.000000,1.000000,0.500000
1782699588.714219,307,0.000450,inf,STAND_TEST,0.000000,-0.011589,0.129030,0.178826,0.000000,0.000000,0.000000,1.000000,0.500000
1782699588.734294,308,0.000469,inf,STAND_TEST,0.000000,-0.011584,0.129036,0.178842,0.000000,0.000000,0.000000,1.000000,0.500000
1782699588.754372,309,0.000492,inf,STAND_TEST,0.000000,-0.011564,0.129026,0.178831,0.000000,0.000000,0.000000,1.000000,0.500000
1782699588.774316,310,0.000380,inf,STAND_TEST,0.000000,-0.011565,0.129030,0.178844,0.000000,0.000000,0.000000,1.000000,0.500000
1782699588.794734,311,0.000689,inf,STAND_TEST,0.000000,-0.011580,0.129037,0.178839,0.000000,0.000000,0.000000,1.000000,0.500000
1782699588.814775,312,0.000673,inf,STAND_TEST,0.000000,-0.011574,0.129080,0.178835,0.000000,0.000000,0.000000,1.000000,0.500000
1782699588.834665,313,0.000446,inf,STAND_TEST,0.000000,-0.011590,0.129100,0.178828,0.000000,0.000000,0.000000,1.000000,0.500000
1782699588.854781,314,0.000444,inf,STAND_TEST,0.000000,-0.011618,0.129077,0.178824,0.000000,0.000000,0.000000,1.000000,0.500000
1782699588.874851,315,0.000460,inf,STAND_TEST,0.000000,-0.011609,0.129088,0.178826,0.000000,0.000000,0.000000,1.000000,0.500000
1782699588.894860,316,0.000414,inf,STAND_TEST,0.000000,-0.011638,0.129148,0.178791,0.000000,0.000000,0.000000,1.000000,0.500000
1782699588.914901,317,0.000401,inf,STAND_TEST,0.000000,-0.011618,0.129204,0.178796,0.000000,0.000000,0.000000,1.000000,0.500000
1782699588.935016,318,0.000460,inf,STAND_TEST,0.000000,-0.011630,0.129206,0.178806,0.000000,0.000000,0.000000,1.000000,0.500000
1782699588.955247,319,0.000637,inf,STAND_TEST,0.000000,-0.011619,0.129214,0.178777,0.000000,0.000000,0.000000,1.000000,0.500000
1782699588.975292,320,0.000628,inf,STAND_TEST,0.000000,-0.011610,0.129228,0.178788,0.000000,0.000000,0.000000,1.000000,0.500000
1782699588.995292,321,0.000409,inf,STAND_TEST,0.000000,-0.011614,0.129221,0.178791,0.000000,0.000000,0.000000,1.000000,0.500000
1782699589.015418,322,0.000453,inf,STAND_TEST,0.000000,-0.011611,0.129244,0.178768,0.000000,0.000000,0.000000,1.000000,0.500000
1782699589.035414,323,0.000395,inf,STAND_TEST,0.000000,-0.011602,0.129283,0.178793,0.000000,0.000000,0.000000,1.000000,0.500000
1782699589.055487,324,0.000415,inf,STAND_TEST,0.000000,-0.011605,0.129236,0.178786,0.000000,0.000000,0.000000,1.000000,0.500000
1782699589.075939,325,0.000812,inf,STAND_TEST,0.000000,-0.011598,0.129274,0.178751,0.000000,0.000000,0.000000,1.000000,0.500000
1782699589.096007,326,0.000824,inf,STAND_TEST,0.000000,-0.011585,0.129312,0.178775,0.000000,0.000000,0.000000,1.000000,0.500000
1782699589.115671,327,0.000433,inf,STAND_TEST,0.000000,-0.011598,0.129292,0.178784,0.000000,0.000000,0.000000,1.000000,0.500000
1782699589.135752,328,0.000460,inf,STAND_TEST,0.000000,-0.011572,0.129297,0.178802,0.000000,0.000000,0.000000,1.000000,0.500000
1782699589.155923,329,0.000481,inf,STAND_TEST,0.000000,-0.011577,0.129315,0.178790,0.000000,0.000000,0.000000,1.000000,0.500000
1782699589.175926,330,0.000430,inf,STAND_TEST,0.000000,-0.011558,0.129299,0.178769,0.000000,0.000000,0.000000,1.000000,0.500000
1782699589.195963,331,0.000414,inf,STAND_TEST,0.000000,-0.011540,0.129327,0.178756,0.000000,0.000000,0.000000,1.000000,0.500000
1782699589.216042,332,0.000438,inf,STAND_TEST,0.000000,-0.011553,0.129350,0.178721,0.000000,0.000000,0.000000,1.000000,0.500000
1782699589.236096,333,0.000437,inf,STAND_TEST,0.000000,-0.011545,0.129323,0.178740,0.000000,0.000000,0.000000,1.000000,0.500000
1782699589.256125,334,0.000412,inf,STAND_TEST,0.000000,-0.011516,0.129307,0.178765,0.000000,0.000000,0.000000,1.000000,0.500000
1782699589.276425,335,0.000657,inf,STAND_TEST,0.000000,-0.011513,0.129305,0.178821,0.000000,0.000000,0.000000,1.000000,0.500000
1782699589.296461,336,0.000640,inf,STAND_TEST,0.000000,-0.011523,0.129295,0.178807,0.000000,0.000000,0.000000,1.000000,0.500000
1782699589.316473,337,0.000460,inf,STAND_TEST,0.000000,-0.011534,0.129262,0.178825,0.000000,0.000000,0.000000,1.000000,0.500000
1782699589.336503,338,0.000436,inf,STAND_TEST,0.000000,-0.011532,0.129265,0.178820,0.000000,0.000000,0.000000,1.000000,0.500000
1782699589.356526,339,0.000406,inf,STAND_TEST,0.000000,-0.011515,0.129262,0.178812,0.000000,0.000000,0.000000,1.000000,0.500000
1782699589.376622,340,0.000475,inf,STAND_TEST,0.000000,-0.011516,0.129287,0.178797,0.000000,0.000000,0.000000,1.000000,0.500000
1782699589.396644,341,0.000442,inf,STAND_TEST,0.000000,-0.011532,0.129319,0.178824,0.000000,0.000000,0.000000,1.000000,0.500000
1782699589.417082,342,0.000825,inf,STAND_TEST,0.000000,-0.011537,0.129283,0.178844,0.000000,0.000000,0.000000,1.000000,0.500000
1782699589.437064,343,0.000448,inf,STAND_TEST,0.000000,-0.011536,0.129278,0.178849,0.000000,0.000000,0.000000,1.000000,0.500000
1782699589.457064,344,0.000394,inf,STAND_TEST,0.000000,-0.011530,0.129237,0.178856,0.000000,0.000000,0.000000,1.000000,0.500000
1782699589.477180,345,0.000455,inf,STAND_TEST,0.000000,-0.011551,0.129253,0.178872,0.000000,0.000000,0.000000,1.000000,0.500000
1782699589.497190,346,0.000410,inf,STAND_TEST,0.000000,-0.011529,0.129209,0.178873,0.000000,0.000000,0.000000,1.000000,0.500000
1782699589.517257,347,0.000424,inf,STAND_TEST,0.000000,-0.011539,0.129199,0.178932,0.000000,0.000000,0.000000,1.000000,0.500000
1782699589.537533,348,0.000644,inf,STAND_TEST,0.000000,-0.011537,0.129207,0.178940,0.000000,0.000000,0.000000,1.000000,0.500000
1782699589.557602,349,0.000660,inf,STAND_TEST,0.000000,-0.011525,0.129235,0.178923,0.000000,0.000000,0.000000,1.000000,0.500000
1782699589.577614,350,0.000618,inf,STAND_TEST,0.000000,-0.011518,0.129255,0.178924,0.000000,0.000000,0.000000,1.000000,0.500000
1782699589.597764,351,0.000514,inf,STAND_TEST,0.000000,-0.011498,0.129272,0.178914,0.000000,0.000000,0.000000,1.000000,0.500000
1782699589.617811,352,0.000444,inf,STAND_TEST,0.000000,-0.011467,0.129291,0.178885,0.000000,0.000000,0.000000,1.000000,0.500000
1782699589.637908,353,0.000431,inf,STAND_TEST,0.000000,-0.011486,0.129324,0.178890,0.000000,0.000000,0.000000,1.000000,0.500000
1782699589.658397,354,0.000812,inf,STAND_TEST,0.000000,-0.011455,0.129355,0.178894,0.000000,0.000000,0.000000,1.000000,0.500000
1782699589.678370,355,0.000427,inf,STAND_TEST,0.000000,-0.011448,0.129379,0.178847,0.000000,0.000000,0.000000,1.000000,0.500000
1782699589.698431,356,0.000430,inf,STAND_TEST,0.000000,-0.011443,0.129402,0.178888,0.000000,0.000000,0.000000,1.000000,0.500000
1782699589.718484,357,0.000426,inf,STAND_TEST,0.000000,-0.011441,0.129453,0.178903,0.000000,0.000000,0.000000,1.000000,0.500000
1782699589.738532,358,0.000418,inf,STAND_TEST,0.000000,-0.011426,0.129457,0.178931,0.000000,0.000000,0.000000,1.000000,0.500000
1782699589.758608,359,0.000439,inf,STAND_TEST,0.000000,-0.011437,0.129477,0.178921,0.000000,0.000000,0.000000,1.000000,0.500000
1782699589.778598,360,0.000374,inf,STAND_TEST,0.000000,-0.011411,0.129470,0.178980,0.000000,0.000000,0.000000,1.000000,0.500000
1782699589.799131,361,0.000799,inf,STAND_TEST,0.000000,-0.011408,0.129481,0.178971,0.000000,0.000000,0.000000,1.000000,0.500000
1782699589.819111,362,0.000680,inf,STAND_TEST,0.000000,-0.011401,0.129478,0.178958,0.000000,0.000000,0.000000,1.000000,0.500000
1782699589.839048,363,0.000438,inf,STAND_TEST,0.000000,-0.011411,0.129465,0.178977,0.000000,0.000000,0.000000,1.000000,0.500000
1782699589.859170,364,0.000424,inf,STAND_TEST,0.000000,-0.011391,0.129512,0.178976,0.000000,0.000000,0.000000,1.000000,0.500000
1782699589.879292,365,0.000450,inf,STAND_TEST,0.000000,-0.011426,0.129483,0.178968,0.000000,0.000000,0.000000,1.000000,0.500000
1782699589.899377,366,0.000427,inf,STAND_TEST,0.000000,-0.011401,0.129450,0.179014,0.000000,0.000000,0.000000,1.000000,0.500000
1782699589.919736,367,0.000681,inf,STAND_TEST,0.000000,-0.011418,0.129453,0.179037,0.000000,0.000000,0.000000,1.000000,0.500000
1782699589.939593,368,0.000432,inf,STAND_TEST,0.000000,-0.011394,0.129435,0.179058,0.000000,0.000000,0.000000,1.000000,0.500000
1782699589.959642,369,0.000425,inf,STAND_TEST,0.000000,-0.011392,0.129453,0.179069,0.000000,0.000000,0.000000,1.000000,0.500000
1782699589.979892,370,0.000434,inf,STAND_TEST,0.000000,-0.011370,0.129450,0.179058,0.000000,0.000000,0.000000,1.000000,0.500000
1782699590.000316,371,0.000730,inf,STAND_TEST,0.000000,-0.011350,0.129493,0.179117,0.000000,0.000000,0.000000,1.000000,0.500000
1782699590.020386,372,0.000687,inf,STAND_TEST,0.000000,-0.011339,0.129523,0.179131,0.000000,0.000000,0.000000,1.000000,0.500000
1782699590.040691,373,0.000540,inf,STAND_TEST,0.000000,-0.011345,0.129533,0.179154,0.000000,0.000000,0.000000,1.000000,0.500000
1782699590.060665,374,0.000457,inf,STAND_TEST,0.000000,-0.011322,0.129529,0.179180,0.000000,0.000000,0.000000,1.000000,0.500000
1782699590.080898,375,0.000634,inf,STAND_TEST,0.000000,-0.011335,0.129507,0.179221,0.000000,0.000000,0.000000,1.000000,0.500000
1782699590.100966,376,0.000647,inf,STAND_TEST,0.000000,-0.011341,0.129499,0.179238,0.000000,0.000000,0.000000,1.000000,0.500000
1782699590.121263,377,0.000838,inf,STAND_TEST,0.000000,-0.011339,0.129532,0.179258,0.000000,0.000000,0.000000,1.000000,0.500000
1782699590.141282,378,0.000801,inf,STAND_TEST,0.000000,-0.011340,0.129511,0.179316,0.000000,0.000000,0.000000,1.000000,0.500000
1782699590.161155,379,0.000451,inf,STAND_TEST,0.000000,-0.011347,0.129494,0.179359,0.000000,0.000000,0.000000,1.000000,0.500000
1782699590.181142,380,0.000382,inf,STAND_TEST,0.000000,-0.011349,0.129504,0.179372,0.000000,0.000000,0.000000,1.000000,0.500000
1782699590.201277,381,0.000461,inf,STAND_TEST,0.000000,-0.011338,0.129538,0.179380,0.000000,0.000000,0.000000,1.000000,0.500000
1782699590.221357,382,0.000487,inf,STAND_TEST,0.000000,-0.011338,0.129558,0.179356,0.000000,0.000000,0.000000,1.000000,0.500000
1782699590.241350,383,0.000425,inf,STAND_TEST,0.000000,-0.011327,0.129563,0.179353,0.000000,0.000000,0.000000,1.000000,0.500000
1782699590.261612,384,0.000632,inf,STAND_TEST,0.000000,-0.011333,0.129530,0.179376,0.000000,0.000000,0.000000,1.000000,0.500000
1782699590.281677,385,0.000642,inf,STAND_TEST,0.000000,-0.011308,0.129558,0.179398,0.000000,0.000000,0.000000,1.000000,0.500000
1782699590.301624,386,0.000405,inf,STAND_TEST,0.000000,-0.011314,0.129579,0.179407,0.000000,0.000000,0.000000,1.000000,0.500000
1782699590.321764,387,0.000447,inf,STAND_TEST,0.000000,-0.011324,0.129594,0.179407,0.000000,0.000000,0.000000,1.000000,0.500000
1782699590.341827,388,0.000455,inf,STAND_TEST,0.000000,-0.011283,0.129620,0.179423,0.000000,0.000000,0.000000,1.000000,0.500000
1782699590.361853,389,0.000427,inf,STAND_TEST,0.000000,-0.011276,0.129660,0.179417,0.000000,0.000000,0.000000,1.000000,0.500000
1782699590.382141,390,0.000660,inf,STAND_TEST,0.000000,-0.011255,0.129601,0.179463,0.000000,0.000000,0.000000,1.000000,0.500000
1782699590.402201,391,0.000663,inf,STAND_TEST,0.000000,-0.011261,0.129604,0.179484,0.000000,0.000000,0.000000,1.000000,0.500000
1782699590.422275,392,0.000681,inf,STAND_TEST,0.000000,-0.011281,0.129588,0.179521,0.000000,0.000000,0.000000,1.000000,0.500000
1782699590.442308,393,0.000670,inf,STAND_TEST,0.000000,-0.011264,0.129616,0.179540,0.000000,0.000000,0.000000,1.000000,0.500000
1782699590.462322,394,0.000444,inf,STAND_TEST,0.000000,-0.011255,0.129638,0.179568,0.000000,0.000000,0.000000,1.000000,0.500000
1782699590.482420,395,0.000485,inf,STAND_TEST,0.000000,-0.011266,0.129642,0.179593,0.000000,0.000000,0.000000,1.000000,0.500000
1782699590.502421,396,0.000432,inf,STAND_TEST,0.000000,-0.011258,0.129628,0.179632,0.000000,0.000000,0.000000,1.000000,0.500000
1782699590.522828,397,0.000778,inf,STAND_TEST,0.000000,-0.011289,0.129643,0.179655,0.000000,0.000000,0.000000,1.000000,0.500000
1782699590.542548,398,0.000444,inf,STAND_TEST,0.000000,-0.011274,0.129590,0.179716,0.000000,0.000000,0.000000,1.000000,0.500000
1782699590.562938,399,0.000780,inf,STAND_TEST,0.000000,-0.011277,0.129590,0.179711,0.000000,0.000000,0.000000,1.000000,0.500000
1782699590.583535,400,0.001272,inf,STAND_TEST,0.000000,-0.011275,0.129538,0.179742,0.000000,0.000000,0.000000,1.000000,0.500000
1782699590.603383,401,0.000774,inf,STAND_TEST,0.000000,-0.011256,0.129536,0.179736,0.000000,0.000000,0.000000,1.000000,0.500000
1782699590.623386,402,0.000717,inf,STAND_TEST,0.000000,-0.011282,0.129538,0.179762,0.000000,0.000000,0.000000,1.000000,0.500000
1782699590.643598,403,0.000869,inf,STAND_TEST,0.000000,-0.011282,0.129581,0.179778,0.000000,0.000000,0.000000,1.000000,0.500000
1782699590.663813,404,0.001025,inf,STAND_TEST,0.000000,-0.011298,0.129600,0.179758,0.000000,0.000000,0.000000,1.000000,0.500000
1782699590.683987,405,0.000819,inf,STAND_TEST,0.000000,-0.011334,0.129637,0.179743,0.000000,0.000000,0.000000,1.000000,0.500000
1782699590.703890,406,0.000663,inf,STAND_TEST,0.000000,-0.011356,0.129642,0.179703,0.000000,0.000000,0.000000,1.000000,0.500000
1782699590.724430,407,0.001090,inf,STAND_TEST,0.000000,-0.011370,0.129660,0.179752,0.000000,0.000000,0.000000,1.000000,0.500000
1782699590.744561,408,0.001095,inf,STAND_TEST,0.000000,-0.011405,0.129622,0.179769,0.000000,0.000000,0.000000,1.000000,0.500000
1782699590.764690,409,0.001096,inf,STAND_TEST,0.000000,-0.011420,0.129609,0.179798,0.000000,0.000000,0.000000,1.000000,0.500000
1782699590.784643,410,0.000820,inf,STAND_TEST,0.000000,-0.011406,0.129628,0.179788,0.000000,0.000000,0.000000,1.000000,0.500000
1782699590.804693,411,0.000687,inf,STAND_TEST,0.000000,-0.011411,0.129644,0.179791,0.000000,0.000000,0.000000,1.000000,0.500000
1782699590.824759,412,0.000695,inf,STAND_TEST,0.000000,-0.011404,0.129645,0.179818,0.000000,0.000000,0.000000,1.000000,0.500000
1782699590.845028,413,0.000906,inf,STAND_TEST,0.000000,-0.011423,0.129668,0.179838,0.000000,0.000000,0.000000,1.000000,0.500000
1782699590.865143,414,0.000926,inf,STAND_TEST,0.000000,-0.011422,0.129679,0.179812,0.000000,0.000000,0.000000,1.000000,0.500000
1782699590.885248,415,0.000929,inf,STAND_TEST,0.000000,-0.011406,0.129704,0.179871,0.000000,0.000000,0.000000,1.000000,0.500000
1782699590.905181,416,0.000678,inf,STAND_TEST,0.000000,-0.011390,0.129720,0.179878,0.000000,0.000000,0.000000,1.000000,0.500000
1782699590.925282,417,0.000684,inf,STAND_TEST,0.000000,-0.011347,0.129751,0.179912,0.000000,0.000000,0.000000,1.000000,0.500000
1782699590.945614,418,0.000926,inf,STAND_TEST,0.000000,-0.011338,0.129721,0.179909,0.000000,0.000000,0.000000,1.000000,0.500000
1782699590.965222,419,0.000479,inf,STAND_TEST,0.000000,-0.011339,0.129747,0.179912,0.000000,0.000000,0.000000,1.000000,0.500000
1782699590.985471,420,0.000675,inf,STAND_TEST,0.000000,-0.011344,0.129788,0.179871,0.000000,0.000000,0.000000,1.000000,0.500000
1782699591.005541,421,0.000645,inf,STAND_TEST,0.000000,-0.011302,0.129793,0.179889,0.000000,0.000000,0.000000,1.000000,0.500000
1782699591.025612,422,0.000663,inf,STAND_TEST,0.000000,-0.011286,0.129759,0.179931,0.000000,0.000000,0.000000,1.000000,0.500000
1782699591.045557,423,0.000429,inf,STAND_TEST,0.000000,-0.011269,0.129734,0.179916,0.000000,0.000000,0.000000,1.000000,0.500000
1782699591.065614,424,0.000426,inf,STAND_TEST,0.000000,-0.011256,0.129683,0.179903,0.000000,0.000000,0.000000,1.000000,0.500000
1782699591.085698,425,0.000455,inf,STAND_TEST,0.000000,-0.011262,0.129706,0.179907,0.000000,0.000000,0.000000,1.000000,0.500000
1782699591.105747,426,0.000449,inf,STAND_TEST,0.000000,-0.011262,0.129657,0.179927,0.000000,0.000000,0.000000,1.000000,0.500000
1782699591.125819,427,0.000466,inf,STAND_TEST,0.000000,-0.011283,0.129659,0.179911,0.000000,0.000000,0.000000,1.000000,0.500000
1782699591.146129,428,0.000718,inf,STAND_TEST,0.000000,-0.011288,0.129614,0.179937,0.000000,0.000000,0.000000,1.000000,0.500000
1782699591.166128,429,0.000663,inf,STAND_TEST,0.000000,-0.011329,0.129577,0.179888,0.000000,0.000000,0.000000,1.000000,0.500000
1782699591.186277,430,0.000758,inf,STAND_TEST,0.000000,-0.011327,0.129579,0.179885,0.000000,0.000000,0.000000,1.000000,0.500000
1782699591.206387,431,0.000461,inf,STAND_TEST,0.000000,-0.011349,0.129594,0.179833,0.000000,0.000000,0.000000,1.000000,0.500000
1782699591.226432,432,0.000452,inf,STAND_TEST,0.000000,-0.011346,0.129569,0.179796,0.000000,0.000000,0.000000,1.000000,0.500000
1782699591.246474,433,0.000438,inf,STAND_TEST,0.000000,-0.011354,0.129566,0.179795,0.000000,0.000000,0.000000,1.000000,0.500000
1782699591.266735,434,0.000644,inf,STAND_TEST,0.000000,-0.011349,0.129563,0.179819,0.000000,0.000000,0.000000,1.000000,0.500000
1782699591.286779,435,0.000634,inf,STAND_TEST,0.000000,-0.011358,0.129577,0.179807,0.000000,0.000000,0.000000,1.000000,0.500000
1782699591.306851,436,0.000652,inf,STAND_TEST,0.000000,-0.011365,0.129575,0.179793,0.000000,0.000000,0.000000,1.000000,0.500000
1782699591.326720,437,0.000441,inf,STAND_TEST,0.000000,-0.011356,0.129590,0.179836,0.000000,0.000000,0.000000,1.000000,0.500000
1782699591.346790,438,0.000457,inf,STAND_TEST,0.000000,-0.011349,0.129637,0.179834,0.000000,0.000000,0.000000,1.000000,0.500000
1782699591.366831,439,0.000442,inf,STAND_TEST,0.000000,-0.011353,0.129682,0.179831,0.000000,0.000000,0.000000,1.000000,0.500000
1782699591.386868,440,0.000424,inf,STAND_TEST,0.000000,-0.011374,0.129678,0.179812,0.000000,0.000000,0.000000,1.000000,0.500000
1782699591.406945,441,0.000446,inf,STAND_TEST,0.000000,-0.011368,0.129662,0.179829,0.000000,0.000000,0.000000,1.000000,0.500000
1782699591.427211,442,0.000657,inf,STAND_TEST,0.000000,-0.011361,0.129684,0.179799,0.000000,0.000000,0.000000,1.000000,0.500000
1782699591.447219,443,0.000608,inf,STAND_TEST,0.000000,-0.011372,0.129702,0.179756,0.000000,0.000000,0.000000,1.000000,0.500000
1782699591.467365,444,0.000694,inf,STAND_TEST,0.000000,-0.011369,0.129657,0.179769,0.000000,0.000000,0.000000,1.000000,0.500000
1782699591.487411,445,0.000643,inf,STAND_TEST,0.000000,-0.011384,0.129649,0.179791,0.000000,0.000000,0.000000,1.000000,0.500000
1782699591.507405,446,0.000437,inf,STAND_TEST,0.000000,-0.011378,0.129619,0.179802,0.000000,0.000000,0.000000,1.000000,0.500000
1782699591.527526,447,0.000449,inf,STAND_TEST,0.000000,-0.011387,0.129622,0.179804,0.000000,0.000000,0.000000,1.000000,0.500000
1782699591.547613,448,0.000425,inf,STAND_TEST,0.000000,-0.011363,0.129635,0.179869,0.000000,0.000000,0.000000,1.000000,0.500000
1782699591.567976,449,0.000681,inf,STAND_TEST,0.000000,-0.011372,0.129624,0.179868,0.000000,0.000000,0.000000,1.000000,0.500000
1782699591.588028,450,0.000451,inf,STAND_TEST,0.000000,-0.011380,0.129610,0.179835,0.000000,0.000000,0.000000,1.000000,0.500000
1782699591.608125,451,0.000427,inf,STAND_TEST,0.000000,-0.011389,0.129613,0.179809,0.000000,0.000000,0.000000,1.000000,0.500000
1782699591.628228,452,0.000427,inf,STAND_TEST,0.000000,-0.011378,0.129589,0.179773,0.000000,0.000000,0.000000,1.000000,0.500000
1782699591.648326,453,0.000422,inf,STAND_TEST,0.000000,-0.011387,0.129591,0.179788,0.000000,0.000000,0.000000,1.000000,0.500000
1782699591.668828,454,0.000821,inf,STAND_TEST,0.000000,-0.011378,0.129569,0.179783,0.000000,0.000000,0.000000,1.000000,0.500000
1782699591.688901,455,0.000436,inf,STAND_TEST,0.000000,-0.011360,0.129582,0.179804,0.000000,0.000000,0.000000,1.000000,0.500000
1782699591.708998,456,0.000425,inf,STAND_TEST,0.000000,-0.011378,0.129585,0.179803,0.000000,0.000000,0.000000,1.000000,0.500000
1782699591.729365,457,0.000686,inf,STAND_TEST,0.000000,-0.011369,0.129654,0.179837,0.000000,0.000000,0.000000,1.000000,0.500000
1782699591.749475,458,0.000699,inf,STAND_TEST,0.000000,-0.011361,0.129701,0.179855,0.000000,0.000000,0.000000,1.000000,0.500000
1782699591.769557,459,0.000675,inf,STAND_TEST,0.000000,-0.011350,0.129708,0.179882,0.000000,0.000000,0.000000,1.000000,0.500000
1782699591.789650,460,0.000445,inf,STAND_TEST,0.000000,-0.011376,0.129684,0.179866,0.000000,0.000000,0.000000,1.000000,0.500000
1782699591.809768,461,0.000455,inf,STAND_TEST,0.000000,-0.011389,0.129676,0.179863,0.000000,0.000000,0.000000,1.000000,0.500000
1782699591.829856,462,0.000442,inf,STAND_TEST,0.000000,-0.011393,0.129690,0.179867,0.000000,0.000000,0.000000,1.000000,0.500000
1782699591.850218,463,0.000692,inf,STAND_TEST,0.000000,-0.011412,0.129722,0.179849,0.000000,0.000000,0.000000,1.000000,0.500000
1782699591.870406,464,0.000824,inf,STAND_TEST,0.000000,-0.011450,0.129717,0.179848,0.000000,0.000000,0.000000,1.000000,0.500000
1782699591.890403,465,0.000765,inf,STAND_TEST,0.000000,-0.011468,0.129710,0.179854,0.000000,0.000000,0.000000,1.000000,0.500000
1782699591.910300,466,0.000438,inf,STAND_TEST,0.000000,-0.011478,0.129750,0.179858,0.000000,0.000000,0.000000,1.000000,0.500000
1782699591.930476,467,0.000505,inf,STAND_TEST,0.000000,-0.011500,0.129749,0.179894,0.000000,0.000000,0.000000,1.000000,0.500000
1782699591.950547,468,0.000518,inf,STAND_TEST,0.000000,-0.011500,0.129741,0.179910,0.000000,0.000000,0.000000,1.000000,0.500000
1782699591.970539,469,0.000456,inf,STAND_TEST,0.000000,-0.011496,0.129756,0.179966,0.000000,0.000000,0.000000,1.000000,0.500000
1782699591.990827,470,0.000688,inf,STAND_TEST,0.000000,-0.011454,0.129825,0.179994,0.000000,0.000000,0.000000,1.000000,0.500000
1782699592.010866,471,0.000667,inf,STAND_TEST,0.000000,-0.011456,0.129857,0.179959,0.000000,0.000000,0.000000,1.000000,0.500000
1782699592.030910,472,0.000658,inf,STAND_TEST,0.000000,-0.011481,0.129893,0.179915,0.000000,0.000000,0.000000,1.000000,0.500000
1782699592.050833,473,0.000472,inf,STAND_TEST,0.000000,-0.011480,0.129876,0.179857,0.000000,0.000000,0.000000,1.000000,0.500000
1782699592.070878,474,0.000459,inf,STAND_TEST,0.000000,-0.011479,0.129898,0.179876,0.000000,0.000000,0.000000,1.000000,0.500000
1782699592.090955,475,0.000482,inf,STAND_TEST,0.000000,-0.011468,0.129893,0.179834,0.000000,0.000000,0.000000,1.000000,0.500000
1782699592.110949,476,0.000421,inf,STAND_TEST,0.000000,-0.011481,0.129836,0.179844,0.000000,0.000000,0.000000,1.000000,0.500000
1782699592.131338,477,0.000686,inf,STAND_TEST,0.000000,-0.011490,0.129816,0.179825,0.000000,0.000000,0.000000,1.000000,0.500000
1782699592.151384,478,0.000677,inf,STAND_TEST,0.000000,-0.011489,0.129726,0.179828,0.000000,0.000000,0.000000,1.000000,0.500000
1782699592.171383,479,0.000622,inf,STAND_TEST,0.000000,-0.011471,0.129666,0.179862,0.000000,0.000000,0.000000,1.000000,0.500000
1782699592.191593,480,0.000779,inf,STAND_TEST,0.000000,-0.011433,0.129589,0.179865,0.000000,0.000000,0.000000,1.000000,0.500000
1782699592.211303,481,0.000432,inf,STAND_TEST,0.000000,-0.011438,0.129543,0.179860,0.000000,0.000000,0.000000,1.000000,0.500000
1782699592.231377,482,0.000452,inf,STAND_TEST,0.000000,-0.011452,0.129516,0.179833,0.000000,0.000000,0.000000,1.000000,0.500000
1782699592.251414,483,0.000434,inf,STAND_TEST,0.000000,-0.011447,0.129437,0.179823,0.000000,0.000000,0.000000,1.000000,0.500000
1782699592.271554,484,0.000518,inf,STAND_TEST,0.000000,-0.011404,0.129402,0.179840,0.000000,0.000000,0.000000,1.000000,0.500000
1782699592.291507,485,0.000417,inf,STAND_TEST,0.000000,-0.011394,0.129319,0.179814,0.000000,0.000000,0.000000,1.000000,0.500000
1782699592.311833,486,0.000686,inf,STAND_TEST,0.000000,-0.011383,0.129180,0.179776,0.000000,0.000000,0.000000,1.000000,0.500000
1782699592.331649,487,0.000446,inf,STAND_TEST,0.000000,-0.011351,0.129095,0.179779,0.000000,0.000000,0.000000,1.000000,0.500000
1782699592.351797,488,0.000448,inf,STAND_TEST,0.000000,-0.011342,0.129069,0.179786,0.000000,0.000000,0.000000,1.000000,0.500000
1782699592.371931,489,0.000447,inf,STAND_TEST,0.000000,-0.011318,0.129063,0.179760,0.000000,0.000000,0.000000,1.000000,0.500000
1782699592.391959,490,0.000420,inf,STAND_TEST,0.000000,-0.011285,0.129054,0.179788,0.000000,0.000000,0.000000,1.000000,0.500000
1782699592.412092,491,0.000497,inf,STAND_TEST,0.000000,-0.011263,0.129080,0.179800,0.000000,0.000000,0.000000,1.000000,0.500000
1782699592.432091,492,0.000441,inf,STAND_TEST,0.000000,-0.011290,0.129077,0.179805,0.000000,0.000000,0.000000,1.000000,0.500000
1782699592.452303,493,0.000600,inf,STAND_TEST,0.000000,-0.011305,0.129093,0.179812,0.000000,0.000000,0.000000,1.000000,0.500000
1782699592.472569,494,0.000811,inf,STAND_TEST,0.000000,-0.011338,0.129138,0.179802,0.000000,0.000000,0.000000,1.000000,0.500000
1782699592.492439,495,0.000627,inf,STAND_TEST,0.000000,-0.011325,0.129201,0.179825,0.000000,0.000000,0.000000,1.000000,0.500000
1782699592.512551,496,0.000684,inf,STAND_TEST,0.000000,-0.011330,0.129272,0.179824,0.000000,0.000000,0.000000,1.000000,0.500000
1782699592.532702,497,0.000469,inf,STAND_TEST,0.000000,-0.011350,0.129331,0.179820,0.000000,0.000000,0.000000,1.000000,0.500000
1782699592.553077,498,0.000789,inf,STAND_TEST,0.000000,-0.011380,0.129367,0.179795,0.000000,0.000000,0.000000,1.000000,0.500000
1782699592.572769,499,0.000428,inf,STAND_TEST,0.000000,-0.011422,0.129338,0.179803,0.000000,0.000000,0.000000,1.000000,0.500000
